{"cameraMode":{"drawMode":0,"name":"Shaded","section":"Shading Mode"},"sceneLighting":true,"audioPlay":false,"sceneViewState":{"showFog":false,"showMaterialUpdate":false,"showSkybox":false,"showFlares":false,"showImageEffects":false,"showParticleSystems":false},"in2DMode":false,"pivot":{"x":-5.782817363739014,"y":-116.44169616699219,"z":216.3952178955078},"rotation":{"x":0.4058244526386261,"y":0.008224206045269966,"z":-0.0036544117610901596,"w":0.9139068126678467},"size":360.89306640625,"orthographic":true}