{"cameraMode":{"drawMode":0,"name":"Shaded","section":"Shading Mode"},"sceneLighting":true,"audioPlay":false,"sceneViewState":{"showFog":false,"showMaterialUpdate":false,"showSkybox":false,"showFlares":false,"showImageEffects":false,"showParticleSystems":false},"in2DMode":false,"pivot":{"x":-6.8328447341918949,"y":-116.44169616699219,"z":216.41412353515626},"rotation":{"x":0.33827200531959536,"y":-0.3613714575767517,"z":0.14262047410011292,"w":0.85711270570755},"size":287.200927734375,"orthographic":true}